<?xml version="1.0" encoding="UTF-8"?>
<project-private xmlns="http://www.netbeans.org/ns/project-private/1">
    <editor-bookmarks xmlns="http://www.netbeans.org/ns/editor-bookmarks/1"/>
    <editor-bookmarks xmlns="http://www.netbeans.org/ns/editor-bookmarks/2" lastBookmarkId="0"/>
    <open-files xmlns="http://www.netbeans.org/ns/projectui-open-files/2">
        <group>
            <file>file:/home/adrian/Desarrollo/prog/prog_UD_03/PROG03_Tarea_Resolucion/Ejercicio01/src/Ejercicio01/Ejercicio01.java</file>
            <file>file:/home/adrian/Desarrollo/prog/prog_UD_03/PROG03_Tarea_Resolucion/Ejercicio01/src/Ejercicio01/Persona.java</file>
            <file>file:/home/adrian/Desarrollo/prog/prog_UD_03/PROG03_Tarea_Resolucion/Ejercicio01/src/numeros/Complejo.java</file>
        </group>
    </open-files>
</project-private>
