<?xml version="1.0" encoding="UTF-8"?>
<project-private xmlns="http://www.netbeans.org/ns/project-private/1">
    <editor-bookmarks xmlns="http://www.netbeans.org/ns/editor-bookmarks/2" lastBookmarkId="0"/>
    <open-files xmlns="http://www.netbeans.org/ns/projectui-open-files/2">
        <group>
            <file>file:/media/adrian/Almacen/DAW/master_DAW/repo_PROG/PROG_UD05_Desarrollo%20de%20clases/alvarez_lois_adrian_PROG05_tarefa/alvarez_lois_adrian_PROG05/src/net/sanclemente/cifraseletras/base/Comprobable.java</file>
            <file>file:/media/adrian/Almacen/DAW/master_DAW/repo_PROG/PROG_UD05_Desarrollo%20de%20clases/alvarez_lois_adrian_PROG05_tarefa/alvarez_lois_adrian_PROG05/src/net/sanclemente/cifraseletras/base/Cifras.java</file>
            <file>file:/media/adrian/Almacen/DAW/master_DAW/repo_PROG/PROG_UD05_Desarrollo%20de%20clases/alvarez_lois_adrian_PROG05_tarefa/alvarez_lois_adrian_PROG05/src/net/sanclemente/cifraseletras/AppCifrasELetras.java</file>
            <file>file:/media/adrian/Almacen/DAW/master_DAW/repo_PROG/PROG_UD05_Desarrollo%20de%20clases/alvarez_lois_adrian_PROG05_tarefa/alvarez_lois_adrian_PROG05/src/net/sanclemente/cifraseletras/base/Letras.java</file>
            <file>file:/media/adrian/Almacen/DAW/master_DAW/repo_PROG/PROG_UD05_Desarrollo%20de%20clases/alvarez_lois_adrian_PROG05_tarefa/alvarez_lois_adrian_PROG05/src/net/sanclemente/cifraseletras/base/XogoAzar.java</file>
        </group>
    </open-files>
</project-private>
