<?xml version="1.0" encoding="UTF-8"?>
<project-private xmlns="http://www.netbeans.org/ns/project-private/1">
    <editor-bookmarks xmlns="http://www.netbeans.org/ns/editor-bookmarks/1"/>
    <editor-bookmarks xmlns="http://www.netbeans.org/ns/editor-bookmarks/2" lastBookmarkId="0"/>
    <open-files xmlns="http://www.netbeans.org/ns/projectui-open-files/2">
        <group>
            <file>file:/home/adrian/Desarrollo/CICLO_DAM-DAW/prog/prog_UD_06/PR_Tarea06/JL_Comesana_tarea6/src/tarea6/Cliente.java</file>
            <file>file:/home/adrian/Desarrollo/CICLO_DAM-DAW/prog/prog_UD_06/PR_Tarea06/JL_Comesana_tarea6/src/tarea6/Tarea6.java</file>
        </group>
    </open-files>
</project-private>
